<?xml version="1.0" encoding="UTF-8"?>
<project-private xmlns="http://www.netbeans.org/ns/project-private/1">
    <editor-bookmarks xmlns="http://www.netbeans.org/ns/editor-bookmarks/2" lastBookmarkId="0"/>
    <open-files xmlns="http://www.netbeans.org/ns/projectui-open-files/2">
        <group>
            <file>file:/C:/Users/RPL22/Documents/NetBeansProjects/app_restoran/src/kontrol/kontrol_order.java</file>
            <file>file:/C:/Users/RPL22/Documents/NetBeansProjects/app_restoran/src/gui/logtransaksi.java</file>
            <file>file:/C:/Users/RPL22/Documents/NetBeansProjects/app_restoran/src/gui/level.java</file>
            <file>file:/C:/Users/RPL22/Documents/NetBeansProjects/app_restoran/src/kontrol/kontrol_transaksi.java</file>
            <file>file:/C:/Users/RPL22/Documents/NetBeansProjects/app_restoran/src/gui/transaksi.java</file>
            <file>file:/C:/Users/RPL22/Documents/NetBeansProjects/app_restoran/src/kontrol/kontrol_masakan.java</file>
            <file>file:/C:/Users/RPL22/Documents/NetBeansProjects/app_restoran/src/gui/login.java</file>
            <file>file:/C:/Users/RPL22/Documents/NetBeansProjects/app_restoran/src/gui/order.java</file>
            <file>file:/C:/Users/RPL22/Documents/NetBeansProjects/app_restoran/src/gui/detail_order.java</file>
            <file>file:/C:/Users/RPL22/Documents/NetBeansProjects/app_restoran/src/gui/user.java</file>
            <file>file:/C:/Users/RPL22/Documents/NetBeansProjects/app_restoran/src/gui/Utama.java</file>
            <file>file:/C:/Users/RPL22/Documents/NetBeansProjects/app_restoran/src/kontrol/kontrol_login.java</file>
            <file>file:/C:/Users/RPL22/Documents/NetBeansProjects/app_restoran/src/gui/masakan.java</file>
        </group>
    </open-files>
</project-private>
